{
  "project_info": {
    "project_number": "618407224318",
    "firebase_url": "https://sp-proverb-game-default-rtdb.europe-west1.firebasedatabase.app",
    "project_id": "sp-proverb-game",
    "storage_bucket": "sp-proverb-game.appspot.com"
  },
  "client": [
    {
      "client_info": {
        "mobilesdk_app_id": "1:618407224318:android:ceabea70e33810f31b96af",
        "android_client_info": {
          "package_name": "com.FireBaseTest.TestGame"
        }
      },
      "oauth_client": [
        {
          "client_id": "618407224318-mhjlpj7ep0heu46144g1c4nehjolq8u2.apps.googleusercontent.com",
          "client_type": 3
        }
      ],
      "api_key": [
        {
          "current_key": "AIzaSyBxpWcqGe9445k8nPelTU1vR0d4RSLQ7P0"
        }
      ],
      "services": {
        "appinvite_service": {
          "other_platform_oauth_client": [
            {
              "client_id": "618407224318-mhjlpj7ep0heu46144g1c4nehjolq8u2.apps.googleusercontent.com",
              "client_type": 3
            }
          ]
        }
      }
    },
    {
      "client_info": {
        "mobilesdk_app_id": "1:618407224318:android:8b710b28846010071b96af",
        "android_client_info": {
          "package_name": "com.SoftwareProject.ProverbsGame"
        }
      },
      "oauth_client": [
        {
          "client_id": "618407224318-mhjlpj7ep0heu46144g1c4nehjolq8u2.apps.googleusercontent.com",
          "client_type": 3
        }
      ],
      "api_key": [
        {
          "current_key": "AIzaSyBxpWcqGe9445k8nPelTU1vR0d4RSLQ7P0"
        }
      ],
      "services": {
        "appinvite_service": {
          "other_platform_oauth_client": [
            {
              "client_id": "618407224318-mhjlpj7ep0heu46144g1c4nehjolq8u2.apps.googleusercontent.com",
              "client_type": 3
            }
          ]
        }
      }
    }
  ],
  "configuration_version": "1"
}